title,author,translator,publish_date,pages,ISBN,code,price
포르잔 C++ 에센셜,"Behrouz A. Forouzan , Richard F. Gilberg ",윤인성 ,2020-11-10,756 쪽,9791156645061,4506,"32,000"
"IT CookBook, 액세스 2019로 배우는 데이터베이스 기초와 실습",김지연 ,,2020-09-28,536 쪽,9791156645054,4505,"28,000"
포르잔 C++ 바이블,"Behrouz A. Forouzan , Richard F. Gilberg ",윤인성 ,2020-08-31,1192 쪽,9791156645030,4503,"45,000"
딥러닝을 위한 선형대수학,Gilbert Strang ,부산대학교 산업수학센터(FFMIMC) ,2020-08-05,560 쪽,9791156644972,4497,"38,000"
"IT CookBook, 오라클로 배우는 데이터베이스 개론과 실습(2판)","박우창 , 남송휘 , 이현룡 ",,2020-07-30,600 쪽,9791156645023,4502,"29,000"
대학을 버려야 대학이 산다,조동성 외 인천대학교 가족 178명 ,,2020-07-25,216 쪽,9791156645016,4501,"18,000"
"IT CookBook, 따라 하면서 배우는 사물인터넷",양재삼 ,,2020-07-23,448 쪽,9791156644941,4494,"28,000"
R로 하는 다변량 데이터 분석 : 이론부터 실무 활용까지,"카와하시 잇코 , 이와마 노리카즈 , 스즈키 마사유키 ",권기태 ,2020-07-10,544 쪽,9791156644989,4498,"32,000"
창의적 공학설계(3판),김은경 ,,2020-07-10,408 쪽,9791156644934,4493,"23,000"
공학 핵심수학(2판)  : 기초부터 심화까지 핵심만 쏙쏙,함남우 ,,2020-07-06,484 쪽,9791156644996,4499,"23,000"
응용이 보이는 선형대수학 : 파이썬과 함께하는 선형대수학 이론과 응용,이건명 ,,2020-07-06,592 쪽,9791156645009,4500,"31,000"
"IT CookBook, 초연결 사회의 데이터통신과 네트워킹",강문식 ,,2020-06-30,504 쪽,9791156644927,4492,"29,000"
"IT CookBook, 쉽게 배우는 MFC 윈도우 프로그래밍","김선우 , 신화선 ",,2020-06-20,772 쪽,9791156644903,4490,"30,000"
"IT CookBook, 인공지능 시대를 위한 컴퓨터 과학 개론",정기철 ,,2020-06-19,520 쪽,9791156644958,4495,"27,000"
"IT CookBook, 코틀린을 활용한 안드로이드 프로그래밍","우재남 , 유혜림 ",,2020-06-19,564 쪽,9791156644965,4496,"34,000"
"IT CookBook, 처음 만나는 신재생에너지",김지홍 ,,2020-06-10,388 쪽,9791156644859,4485,"25,000"
프리드버그 선형대수학,"스티븐 H. 프리드버그 , 아놀드 J. 인셀 , 로렌스 E. 스펜스 ","한빛수학교재연구소 , 심형보(감수) ",2020-06-05,616 쪽,9791156644910,4491,"35,000"
"IT CookBook, CentOS 리눅스",이종원 ,,2020-05-30,792 쪽,9791156644897,4489,"32,000"
"Microeconomics, 6th Edition, Asia Edition","David Besanko , Ronald Braeutigam ",,2020-05-01,856 쪽,9781119666226,30000,"49,000"
누구나 파이썬 통계분석,타니아이 히로키 ,권기태 ,2020-04-06,384 쪽,9791156644880,4488,"26,000"
제대로 배우는 MATLAB&Simulink,방성완 ,,2020-03-05,576 쪽,9791156644828,4482,"29,000"
공학도를 위한 경영 : 4차 산업혁명 시대,하귀룡 ,,2020-02-28,348 쪽,9791156644866,4486,"25,000"
"SWedu 011, 앱 인벤터(2판) : 쉽고 재미있게 만드는 앱 프로그래밍",이종원 ,,2020-02-21,408 쪽,9791156644873,4487,"24,000"
"IT CookBook, 컴파일러의 이해 : 내공 있는 프로그래머로 길러주는 (증보판)",박두순 ,,2020-02-20,508 쪽,9791156644835,4483,"27,000"
(2020) 완벽분석! 사회조사분석사 2급 실기,"노경섭 , 김성일 , 김기만 ",,2020-01-30,384 쪽,9791156644620,4462,"28,000"
"IT CookBook, 운영체제론 : Operating Systems, 3rd Ed","하비 디텔 , 폴 디텔 , 데이빗 쇼픈스 ",송경희 ,2020-01-30,860 쪽,9791156644842,4484,"32,000"
기초수학 : Basic Mathematics(2판),이재원 ,,2020-01-10,312 쪽,9791156644811,4481,"20,000"
"IT CookBook, Android Studio를 활용한 안드로이드 프로그래밍(5판)","우재남 , 박길식 ",,2020-01-08,572 쪽,9791156644804,4480,"29,000"
"IT CookBook, 4차 산업혁명 시대의 정보통신개론",고응남 ,,2020-01-06,600 쪽,9791156644767,4476,"25,000"
"IT CookBook, C 언어 일취월장",신윤환 ,,2020-01-06,808 쪽,9791156644774,4477,"28,000"
"IT CookBook, UI 디자인과 프로토타이핑을 위한 Adobe XD",이영주 ,,2020-01-06,552 쪽,9791156644750,4475,"27,000"
"IT CookBook, UI/UX 디자인 이론과 실습 with Adobe XD",이영주 ,,2020-01-06,560 쪽,9791156644651,4465,"28,000"
"IT CookBook, 객체 지향 설계와 분석을 위한 UML 기초와 응용","한정수 , 김귀정 ",,2020-01-06,336 쪽,9791156644781,4478,"24,000"
"IT CookBook, 리눅스 실습 for Beginner",우재남 ,,2020-01-06,488 쪽,9791156644705,4470,"24,000"
"IT CookBook, 비주얼 베이직 2019 입문",임관철 ,,2020-01-06,436 쪽,9791156644699,4469,"25,000"
"IT CookBook, 스크래치로 배우는 컴퓨팅 사고","조성호 , 고광일 ",,2020-01-06,384 쪽,9791156644798,4479,"21,000"
"IT CookBook, 엑셀로 배우는 데이터 분석",박주미 ,,2020-01-06,480 쪽,9791156644682,4468,"21,000"
"IT CookBook, 초연결 사회를 위한 컴퓨터 개론",조성호 ,,2020-01-06,538 쪽,9791156644675,4467,"26,000"
"IT CookBook, 파이썬 for Beginner(2판)",우재남 ,,2020-01-06,504 쪽,9791156644668,4466,"23,000"
NO BULLSHIT 선형대수학 가이드,Ivan Savov ,"김대정 , 모현선 , 배준우 ",2020-01-06,628 쪽,9791156644729,4472,"28,000"
NO BULLSHIT 수학&물리 가이드,Ivan Savov ,권기영 ,2020-01-06,568 쪽,9791156644644,4464,"28,000"
정보교과교육론(2판),"이태욱 , 최현종 , 전용주 ",,2020-01-06,464 쪽,9791156644743,4474,"27,000"
실무로 완성하는 PLC(멜섹Q) : 서보를 이용한 위치 제어,정완보 ,,2020-01-02,568 쪽,9791156644736,4473,"28,000"
"College Physics, 5th Edition",Alan Giambattista ,,2020-01-01,1232 쪽,9781260547719,8999,"45,000"
Stata로 끝내는 논문,정규형 ,,2019-12-09,372 쪽,9791156644712,4471,"25,000"
"Business Statistics: For Contemporary Decision Making, 10th Edition, Asia Edition",Ken Black ,,2019-12-01,832 쪽,9781119668220,30001,"49,000"
(2020) 완벽분석! 사회조사분석사 2급 필기,"노경섭 , 김성일 , 김기만 ",,2019-11-20,588 쪽,9791156644613,4461,"30,000"
"IT CookBook, 유닉스 이론과 실습(3판)","이종원 , 윤소정 ",,2019-11-13,568 쪽,9791156644637,4463,"25,000"
"IT CookBook, 경영경제통계학",유영태 ,,2019-10-18,472 쪽,9791156644606,4460,"28,000"
"Swedu, 정보적 사고에서 인공 지능까지",김현철 ,,2019-09-28,184 쪽,9791156644545,4454,"19,000"
"IT CookBook, 문제 해결력을 키우는 디자인 씽킹","송태란 , 이정현 ",,2019-09-10,300 쪽,9791156644583,4458,"22,000"
"IT CookBook, 모두를 위한 R 데이터 분석 입문",오세종 ,,2019-08-24,480 쪽,9791156644590,4459,"26,000"
"IT CookBook, 최신 컴퓨터 구조","임석구 , 홍경호 ",,2019-08-17,616 쪽,9791156644569,4456,"28,000"
"IT CookBook , MySQL로 배우는 데이터베이스 개론과 실습","박우창 , 남송휘 , 이현룡 ",,2019-08-15,572 쪽,9791156644576,4457,"27,000"
"IT CookBook, HTML5 웹 프로그래밍 입문(3판)",윤인성 ,,2019-07-20,488 쪽,9791156644552,4455,"26,000"
"IT CookBook, 컴퓨터 활용과 실습 2016",김주영 ,,2019-07-15,520 쪽,9791156644507,4450,"24,000"
"IT Cookbook, 처음 만나는 전자회로",황형수 ,,2019-07-10,440 쪽,9791156644491,4449,"24,000"
스트랭 미분방정식과 선형대수학,Gilbert Strang ,한빛수학교재연구소 ,2019-07-09,552 쪽,9791156644422,4442,"30,000"
"IT CookBook, 네트워크 개론(3판)",진혜진 ,,2019-07-05,516 쪽,9791156644521,4452,"25,000"
"IT CookBook, 텐서플로로 배우는 딥러닝","박혜정 , 석경하 , 심주용 , 황창하 ",,2019-06-30,448 쪽,9791156644538,4453,"27,000"
"IT CookBook, 파워포인트 2016",김지연 ,,2019-06-29,420 쪽,9791156644514,4451,"19,000"
"SWedu, 스크래치 3.0 : 컴퓨팅 사고력을 키우는 블록 코딩",고광일 ,,2019-06-10,392 쪽,9791156644484,4448,"22,000"
"IT CookBook, design school 포토샵 & 일러스트레이터 CC 2019",이영주 ,,2019-06-06,616 쪽,9791156644477,4447,"23,000"
"IT CookBook, PHP 프로그래밍 입문(3판)",황재호 ,,2019-05-20,456 쪽,9791156644446,4444,"25,000"
칼만 필터는 어렵지 않아 with MATLAB Examples,김성필 ,,2019-05-20,256 쪽,9791156644415,4441,"26,000"
"IT CookBook, R로 배우는 데이터 과학","양윤석 , 오일석 , 강래형 ",,2019-05-08,440 쪽,9791156644460,4446,"27,000"
"IT CookBook, design school 포토샵 CC 2019",이영주 ,,2019-04-19,540 쪽,9791156644453,4445,"22,000"
제대로 알고 쓰는 논문 통계분석 : SPSS & AMOS (개정증보판),노경섭 ,,2019-02-28,460 쪽,9791156644408,4440,"28,000"
이산수학 : tool 중심으로 이해하는 새로운 시각,박두순 ,,2019-01-31,484 쪽,9791156644033,4403,"24,000"
"IT CookBook, 따라 하면서 배우는 마이크로컨트롤러",허경용 ,,2019-01-28,528 쪽,9791156644392,4439,"28,000"
"IT CookBook, 데이터베이스 개론(2판)",김연희 ,,2019-01-03,592 쪽,9791156644316,4431,"27,000"
스트랭 미분적분학,Gilbert Strang ,한빛수학교재연구소 ,2019-01-02,872 쪽,9791156644378,4437,"34,000"
"IT CookBook, 데이터 과학을 위한 파이썬 프로그래밍",최성철 ,,2019-01-01,536 쪽,9791156644361,4436,"25,000"
"IT CookBook, 데이터베이스 for Beginner",우재남 ,,2019-01-01,520 쪽,9791156644354,4435,"24,000"
한번에 통과하는 논문 : AMOS 구조방정식 활용과 SPSS 고급 분석,히든그레이스 논문통계팀 ,,2018-12-24,536 쪽,9791156644347,4434,"28,000"
공학도라면 반드시 알아야 할 최소한의 과학,John Bird ,권기영 ,2018-12-21,456 쪽,9791156644040,4404,"24,000"
"IT CookBook, 전공자를 위한 C 언어 프로그래밍",주우석 ,,2018-12-14,668 쪽,9791156643708,4370,"29,000"
"IT CookBook, design school 프리미어 프로 CC",강재신 ,,2018-12-07,532 쪽,9791156643937,4393,"25,000"
"IT CookBook, design school 일러스트레이터 CC",이영주 ,,2018-11-30,428 쪽,9791156643920,4392,"23,000"
"IT CookBook, 모바일 & 데스크톱을 위한 웹 기획 프로세스",강은정 ,,2018-11-25,424 쪽,9791156644323,4432,"24,000"
"IT CookBook, 시스템 해킹과 보안(3판)",양대일 ,,2018-11-12,568 쪽,9791156644101,4410,"27,000"
"IT CookBook, 자바 프로그래밍 for Beginner",우재남 ,,2018-11-10,600 쪽,9791156644064,4406,"26,000"
"IT CookBook, 쉽게 배우는 JSP 웹 프로그래밍",송미영 ,,2018-10-08,636 쪽,9791156643388,4338,"27,000"
NCS를 기반으로 한 직무 기초수학,"이광연 , 조성훈 , 최상일 ",,2018-10-05,408 쪽,9791156644002,4400,"22,000"
수치해석학 바이블,"Ward Cheney , David Kincaid ","이병준 , 한희재 ",2018-09-28,676 쪽,9791156644019,4401,"32,000"
MATLAB으로 배우는 공학 수치해석(개정판),방성완 ,,2018-07-20,352 쪽,9791156643999,4399,"24,000"
"IT CookBook, 모바일 UI/UX 디자인 실무",이영주 ,,2018-07-09,528 쪽,9791156644088,4408,"28,000"
"IT CookBook, C 언어 for Beginner(개정3판)",우재남 ,,2018-06-30,516 쪽,9791156643951,4395,"23,000"
"IT CookBook, R로 배우는 딥러닝","박혜정 , 석경하 , 심주용 , 황창하 ",,2018-06-30,240 쪽,9791156644095,4409,"23,000"
"IT CookBook, 쉽게 배우는 운영체제",조성호 ,,2018-06-30,616 쪽,9791156644071,4407,"28,000"
"SWedu, 엔트리파이선","정영식 , 홍은미 , 김슬기 , 김성훈 ",,2018-06-30,264 쪽,9791156643944,4394,"22,000"
"IT CookBook, 엑셀 2016",김지연 ,,2018-06-29,412 쪽,9791156644057,4405,"19,000"
만만한 통계 : Excel 활용,닐 샐카인드(Neil J. Salkind) ,김재경 ,2018-06-29,476 쪽,9791156643982,4398,"26,000"
문과생도 이해하는 확률과 통계,야마모토 토시로 ,박윤경 ,2018-06-29,300 쪽,9791156643975,4397,"20,000"
수식이 보이는 공학수학 : Engineering Mathematics (개정판),장윤석 ,,2018-06-20,476 쪽,9791156644026,4402,"24,000"
"IT CookBook, 핵심이 보이는 전자회로 with PSPICE(개정판)",신경욱 ,,2018-04-30,660 쪽,9791156643883,4388,"32,000"
MOS 2016 액세스,"김경희 , 오해강 ",,2018-04-17,292 쪽,9791156643371,4337,"14,000"
MATLAB으로 배우는 공학수학 : Engineering Mathematics (개정판),소상균 ,,2018-04-05,744 쪽,9791156643869,4386,"28,000"
한번에 통과하는 논문 : SPSS 결과표 작성과 해석 방법,히든그레이스 논문통계팀 ,,2018-03-28,420 쪽,9791156643876,4387,"23,000"
"IT CookBook, C++ 트레이닝",김상형 ,,2018-03-25,484 쪽,9791156643906,4390,"26,000"
4차 산업혁명 시대의 기업 혁신을 위한 비즈니스 프로세스,"정승렬 , 이정규 ",,2018-03-10,484 쪽,9791156643913,4391,"29,000"
"IT CookBook, 핵심이 보이는 제어공학(개정판)",김성중 ,,2018-02-28,564 쪽,9791156643845,4384,"26,000"
"IT CookBook, 우분투 리눅스(개정판)",이종원 ,,2018-02-20,856 쪽,9791156643821,4382,"31,000"
쉽고 빠르게 합격하는 COS 2급,이연란 ,,2018-02-12,324 쪽,9791156643692,4369,"16,200"
생각하며 배우는 대학물리학,이기영 ,,2018-02-02,632 쪽,9791156643784,4378,"30,000"
"IT CookBook, 소프트웨어 세상을 여는 컴퓨터 과학",김종훈 ,,2018-01-26,376 쪽,9791156643814,4381,"22,000"
"IT CookBook, 쉽게 배우는 알고리즘(개정판)",문병로 ,,2018-01-20,528 쪽,9791156643753,4375,"27,000"
MOS 2016 아웃룩,"김경희 , 오해강 ",,2018-01-19,248 쪽,9791156643807,4380,"14,000"
"IT CookBook, 확률과 랜덤 과정",정호영 ,,2018-01-15,340 쪽,9791156643791,4379,"23,000"
"IT CookBook, 기초부터 시작하는 PLC: 지멘스 S7-1500",정완보 ,,2018-01-10,492 쪽,9791156643722,4372,"23,000"
"IT CookBook, 정보 보안 개론 개정3판",양대일 ,,2018-01-10,584 쪽,9791156643616,4361,"28,000"
미분적분학 에센스,제임스 스튜어트 ,한빛수학교재연구소 ,2018-01-08,516 쪽,9791156643685,4368,"28,000"
미분적분학 바이블,제임스 스튜어트 ,한빛수학교재연구소 ,2018-01-04,948 쪽,9791156643678,4367,"34,000"
"IT CookBook, 기초 회로이론(개정 2판)",최윤식 ,,2017-12-28,484 쪽,9791156643715,4371,"24,000"
"IT CookBook , 엑셀과 파워포인트 2016",김지연 ,,2017-12-27,512 쪽,9791156643760,4376,"22,000"
"IT CookBook, 기본 개념과 핵심 원리로 배우는 C++ 프로그래밍",김화수 ,,2017-12-22,624 쪽,9791156643647,4364,"28,000"
"SWedu, 파이선으로 쉽게 배우는 프로그래밍 입문",조인석 ,,2017-12-21,376 쪽,9791156643777,4377,"21,000"
"IT CookBook, 단계별로 배우는 안드로이드 프로그래밍",김선우 ,,2017-12-08,740 쪽,9791156643630,4363,"35,000"
기계 학습,오일석 ,,2017-12-05,664 쪽,9791156641582,4158,"32,000"
"IT CookBook, C 언어 트레이닝",김상형 ,,2017-12-04,524 쪽,9791156643609,4360,"25,000"
code.org를 활용한 컴퓨팅 사고력과 코딩 교육,"제인 크라우스 , 키키 프롯츠만 ","김수환 , 김찬웅 , 김해영 ",2017-11-30,232 쪽,9791156643241,4324,"19,000"
"IT CookBook, 디지털 영상처리","심동규 , 임웅 ",,2017-11-30,512 쪽,9791156641575,4157,"28,000"
"IT CookBook, 전기전자공학 개론(개정 6판)","Stan Gibilisco , Simon Monk ","권기영 , 조성재 , 유태훈 ",2017-11-30,828 쪽,9791156643661,4366,"32,000"
"IT CookBook, 핵심이 보이는 전자회로 실험 with PSPICE",신경욱 ,,2017-11-30,464 쪽,9791156643654,4365,"25,000"
"IT CookBook, 페도라 리눅스(개정판)",이종원 ,,2017-11-10,856 쪽,9791156641599,4159,"29,000"
한번에 통과하는 논문 : 논문 검색과 쓰기 전략,히든그레이스 논문통계팀 ,,2017-11-05,332 쪽,9791156642541,4254,"18,900"
"SWedu, 비트브릭","김경하 , 박승미 , 최선경 , 이민아 , 김진선 , 강병수 , 이신영 ",,2017-10-22,344 쪽,9791156643395,4339,"19,000"
MOS 2016 워드 Expert,"김경희 , 오해강 ",,2017-10-20,256 쪽,9791156643364,4336,"14,000"
공학도라면 반드시 알아야 할 최소한의 수학,John Bird ,이재원 ,2017-09-30,396 쪽,9791156643333,4333,"22,000"
MOS 2016 엑셀 Expert,"김경희 , 오해강 ",,2017-09-11,312 쪽,9791156643357,4335,"14,000"
MOS 2016 파워포인트,"김경희 , 오해강 ",,2017-09-11,248 쪽,9791156643340,4334,"14,000"
4차 산업혁명 시대의 경영정보시스템,이동훈 ,,2017-08-08,476 쪽,9791156643319,4331,"28,000"
"IT CookBook, 쉽게 배우는 자바 프로그래밍",우종정 ,,2017-08-02,692 쪽,9791156643296,4329,"27,000"
"IT CookBook, 차세대 웹 프로그래밍",홍성용 ,,2017-07-30,468 쪽,9791156643302,4330,"26,000"
개념이 잡히는 디지털 전자회로,강영국 ,,2017-07-27,716 쪽,9791156643012,4301,"29,000"
"IT CookBook, 유닉스 시스템 프로그래밍",이종원 ,,2017-07-17,520 쪽,9791156643326,4332,"25,000"
문과생도 이해하는 전기전자수학,야마시타 아키라 ,"박윤경 , 이현숙 ",2017-07-14,352 쪽,9791156643289,4328,"20,000"
확률과 통계 입문 : Basic Probability & Statistics,이재원 ,,2017-07-10,352 쪽,9791156643227,4322,"20,000"
기초 미분적분학(개정판) : Pre Calculus,함남우 ,,2017-07-07,392 쪽,9791156643210,4321,"22,000"
"IT CookBook, 인터넷 해킹과 보안 개정3판",김경곤 ,,2017-06-30,488 쪽,9791156643272,4327,"25,000"
"IT CookBook, MFC 윈도우 프로그래밍",강경우 ,,2017-06-26,512 쪽,9791156643265,4326,"27,000"
"IT CookBook, 웹 디자인 이론과 실습",강은정 ,,2017-06-05,400 쪽,9791156643258,4325,"25,000"
"IT CookBook, 기초부터 시작하는 PLC : 멜섹Q",정완보 ,,2017-04-28,484 쪽,9791156643203,4320,"23,000"
"IT CookBook, C로 시작하는 컴퓨터 프로그래밍 개정3판","문호석 , 손명호 ",,2017-04-17,424 쪽,9791156643180,4318,"20,000"
객체지향 소프트웨어 공학,최은만 ,,2017-04-10,608 쪽,9791156643197,4319,"29,000"
기초 공업수학,마인숙 ,,2017-02-28,392 쪽,9791156642985,4298,"20,000"
"IT CookBook, 반도체 공학(개정판)",김동명 ,,2017-02-17,908 쪽,9791156643142,4314,"35,000"
"IT CookBook, 기초 통신이론",김영길 ,,2017-02-06,356 쪽,9791156643029,4302,"22,000"
데이터 아이코놀로지,박진완 ,,2017-01-26,320 쪽,9791156643098,4309,"26,000"
"IT CookBook, 임베디드 리눅스 기초와 응용","우종정 , 사공준 ",,2017-01-24,488 쪽,9791156643135,4313,"22,000"
"IT CookBook, 컴퓨팅 사고력을 키우는 이산수학(개정판)",박주미 ,,2017-01-14,592 쪽,9791156643050,4305,"25,000"
easy LED : 초보자를 위한 LED 가이드북,홍순관 ,,2017-01-02,204 쪽,9791156643005,4300,"18,000"
"IT CookBook, 디지털 시스템 설계 및 실습 with VHDL & Verilog HDL",노승환 ,,2017-01-02,440 쪽,9791156642992,4299,"25,000"
"IT CookBook, 기초 전기전자 에센스","모현선 , 장성용 , 홍익표 ",,2016-12-31,528 쪽,9791156642978,4297,"25,000"
"IT CookBook, 비주얼 베이직 2015 for Beginner",임관철 ,,2016-12-30,432 쪽,9791156643067,4306,"24,000"
"IT CookBook, 네트워크 해킹과 보안 개정3판 : 정보 보안 개론과 실습",양대일 ,,2016-12-28,584 쪽,9791156642770,4277,"26,000"
"IT CookBook, 쉽게 배우는 데이터 통신과 컴퓨터 네트워크 (개정판)",박기현 ,,2016-12-26,584 쪽,9791156643043,4304,"27,000"
"IT CookBook, 자바스크립트 프로그래밍 입문",윤인성 ,,2016-12-15,424 쪽,9791156642787,4278,"25,000"
"IT CookBook, 처음 만나는 자동제어공학",김성중 ,,2016-12-12,256 쪽,9791156642374,4237,"18,000"
"IT CookBook, HTML & CSS for Beginner",황재호 ,,2016-11-10,472 쪽,9791156642794,4279,"23,000"
"IT CookBook, 처음 만나는 전기기기","최은혁 , 박숭규 ",,2016-11-01,268 쪽,9791156642398,4239,"20,000"
"SWedu, 컴퓨팅 사고력을 키우는 SW 교육 : 엔트리 & 햄스터","황준 , 박광현 , 이웅재 , 최은정 , 고혜영 , 이재호 , 손예진 , 조민주 ",,2016-09-05,252 쪽,9791156642749,4274,"20,000"
ITQ 엑셀 2010,"장수진, 유우종, 임관철 , 김경희 ",,2016-09-01,244 쪽,9791156642671,4267,"15,000"
ITQ 파워포인트 2010,"장수진, 유우종, 임관철 , 김경희 ",,2016-09-01,252 쪽,9791156642664,4266,"15,000"
ITQ 한글 2010,"장수진, 유우종, 임관철 , 김경희 ",,2016-09-01,252 쪽,9791156642688,4268,"15,000"
"IT CookBook, 인터넷 윤리","최희식 , 김상균 ",,2016-08-26,400 쪽,9791156642503,4250,"22,000"
한 권으로 합격하는 MOS 2010 엑셀과 파워포인트,"김경희 , 오해강 ",,2016-08-26,220 쪽,9791156642763,4276,"15,000"
파이썬으로 배우는 프로그래밍 기초,크리스 로피 ,"유형목 , 이지호 ",2016-08-18,228 쪽,9788968484940,2494,"13,000"
"IT CookBook, 자바 프로그래밍 바이블","오경주 , 염기호 , 정용훈 ",,2016-08-12,948 쪽,9791156642732,4273,"29,000"
제대로 알고 쓰는 R 통계분석,이윤환 ,,2016-08-05,400 쪽,9791156642640,4264,"25,000"
"IT CookBook, C로 배우는 쉬운 자료구조(개정3판)",이지영 ,,2016-07-28,596 쪽,9791156642695,4269,"27,000"
"IT CookBook, 처음 만나는 디지털 논리회로","임석구 , 홍경호 ",,2016-07-25,448 쪽,9791156642633,4263,"22,000"
"SWedu, 컴퓨팅 사고력을 키우는 SW 교육 : 파이썬",우재남 ,,2016-07-20,444 쪽,9791156642701,4270,"22,000"
"IT CookBook, 기초 신호 및 시스템",이철희 ,,2016-07-18,492 쪽,9791156642657,4265,"26,000"
생생한 사례로 배우는 확률과 통계,이재원 ,,2016-07-15,476 쪽,9791156642619,4261,"25,000"
공학과 경영,김상균 ,,2016-07-07,404 쪽,9791156642626,4262,"26,000"
"IT CookBook, 운영체제(개정3판)",구현회 ,,2016-06-30,684 쪽,9791156642459,4245,"27,000"
"IT CookBook, 처음 만나는 전자기학",곽동주 ,,2016-06-28,412 쪽,9791156642602,4260,"23,000"
"IT CookBook, 디지털 콘텐츠 기획",김성은 ,,2016-06-27,508 쪽,9791156642718,4271,"26,000"
IT 해외 취업 가이드 : 미국편,송기봉 ,,2016-06-11,296 쪽,9791156642572,4257,"18,000"
"IT CookBook, 기초전자실험(개정판) : with PSpice",홍순관 ,,2016-06-10,296 쪽,9791156642589,4258,"17,000"
"IT CookBook, 따라 하면서 배우는 아두이노",허경용 ,,2016-06-10,456 쪽,9791156642596,4259,"26,000"
제대로 시작하는 기초 통계학 : Excel 활용,노경섭 ,,2016-06-10,312 쪽,9791156642565,4256,"24,000"
"IT CookBook, 윈도우 서버 2012 R2 : 설치, 운영, 관리+실무 팁","남훈식 , 최영락 ",,2016-02-25,664 쪽,9791156642497,4249,"28,000"
스크래치를 활용한 문제해결능력 향상,김종훈 ,,2016-02-19,124 쪽,9788968482625,2262,"9,000"
대학생을 위한 스크래치 프로그래밍 : 누구나 할 수 있는 가장 쉬운 프로그래밍 입문서,김종훈 ,,2016-01-26,232 쪽,9788968482557,2255,"18,000"
미적분학,"Carol Ash , Robert B. Ash ","김광수 , 최형규 ",2016-01-21,716 쪽,9791156642343,4234,"35,000"
"IT CookBook, 처음 만나는 전력공학","박숭규 , 최은혁 , 최병숙 ",,2016-01-15,416 쪽,9791156642367,4236,"23,000"
"IT CookBook, 처음 만나는 회로이론",방성완 ,,2016-01-12,384 쪽,9791156642350,4235,"20,000"
최신 공학수학 with Sage Ⅰ,"이상구 , 김영록 , 박준현 , 김응기 , 이재화 ",,2016-01-12,500 쪽,9791156642091,4209,"25,000"
최신 공학수학 with Sage Ⅱ,"이상구 , 김영록 , 박준현 , 김응기 , 이재화 ",,2016-01-12,444 쪽,9791156642107,4210,"23,000"
창의적 공학설계(개정판),김은경 ,,2016-01-08,404 쪽,9791156642381,4238,"22,000"
"IT CookBook, 최신 이동통신 입문 : Mobile Communications",Jochen H. Schiller ,"곽경섭 , 고영채 ",2016-01-04,464 쪽,9791156642084,4208,"28,000"
"IT CookBook, 쉬운 영어로 읽는 최신 전산 영어(개정3판)",조준모 ,,2015-12-30,300 쪽,9791156642039,4203,"17,000"
"IT CookBook, 데이터베이스 기초와 실습 : 액세스 2013",김지연 ,,2015-12-28,504 쪽,9791156642404,4240,"25,000"
"IT CookBook, 전자상거래와 e-비즈니스(개정3판)",이동훈 ,,2015-12-28,512 쪽,9791156642435,4243,"25,000"
"IT CookBook, 컴퓨터 사이언스(개정판) : 새내기를 위한 최신 컴퓨터 개론","이동명 , 권오현 , 고정국 ",,2015-12-28,492 쪽,9791156642428,4242,"24,000"
"IT CookBook, 핵심이 보이는 반도체 공학",권기영 ,,2015-12-18,568 쪽,9791156642077,4207,"28,000"
"IT CookBook, 원리로 이해하는 전력전자공학 : 기초부터 응용까지","원충연 , 김영렬 , 이택기 , 정용채 , 이병국 ",,2015-12-10,484 쪽,9791156641988,4198,"26,000"
"IT CookBook, C# 프로그래밍 : 프로그래밍 기초부터 객체 지향 핵심까지",윤인성 ,,2015-12-01,560 쪽,9791156642046,4204,"25,000"
"IT CookBook, 쉽게 배우는 소프트웨어 공학",김치수 ,,2015-12-01,512 쪽,9791156642053,4205,"25,000"
"IT CookBook, 시스템 분석과 설계(개정판) : 효과적인 비즈니스 정보시스템 개발",허원실 ,,2015-12-01,408 쪽,9791156642060,4206,"25,000"
"IT CookBook, JUST JAVA : 객체지향에 충실한 자바다운 자바",황희정 ,,2015-10-26,512 쪽,9791156642015,4201,"25,000"
"IT CookBook, UI/UX 디자인 이론과 실습",이영주 ,,2015-09-23,506 쪽,9791156642022,4202,"27,000"
"IT CookBook, 정보보안 이론과 실제",마크 스탬프 ,"안태남 , 손용락 , 이광석 ",2015-09-17,496 쪽,9791156642008,4200,"25,000"
"IT CookBook, 리눅스 프로그래밍 기초 : 시스템 호출, 라이브러리 함수별 실습","최태영 , 황준하 , 고재필 , 윤현주 , 김용호 ",,2015-08-17,372 쪽,9791156641964,4196,"20,000"
앱 인벤터 2 : 구글과 MIT 앱 인벤터 개발팀이 안내하는 안드로이드 프로그래밍,"David Wolber , Hal Abelson , Ellen Spertus , Liz Looney ","오일석 , 이진선 ",2015-07-20,384 쪽,9791156641865,4186,"24,000"
easy LTE : 초보 기술자를 위한 이동통신 가이드북,이상근 ,,2015-07-10,232 쪽,9791156641834,4183,"23,000"
"IT CookBook, 원리로 이해하는 마이크로파 공학",홍익표 ,,2015-07-10,432 쪽,9791156641896,4189,"26,000"
"창의와 혁신의 시크릿, 트리즈 : Training How To Think Inventively",김은경 ,,2015-07-10,320 쪽,9791156641902,4190,"23,000"
"IT CookBook, 디지털 논리회로(개정3판) : 이론, 실습, 시뮬레이션","임석구 , 홍경호 ",,2015-07-07,786 쪽,9791156641889,4188,"27,000"
"IT CookBook, 핵심 API로 배우는 윈도우 프로그래밍",강경우 ,,2015-06-28,464 쪽,9791156641872,4187,"26,000"
MATLAB으로 배우는 선형대수학 : Linear Algebra with MATLAB,"이광연 , 설한국 ",,2015-06-10,540 쪽,9791156641841,4184,"27,000"
창의융합 프로젝트 아이디어북 : Creative Convergence Capstone Design with PBL,조준동 ,,2015-06-10,256 쪽,9791156641858,4185,"24,000"
"IT CookBook, XML 프로그래밍 : 체계적으로 배우는 XML 원리와 응용",홍성용 ,,2015-06-08,672 쪽,9791156641810,4181,"27,000"
전공이 보이는 미분적분학: FOR ELECTRICAL & ELECTRONIC ENGINEERS,장윤석 ,,2015-05-30,312 쪽,9791156641827,4182,"22,000"
"IT CookBook, Play 포토샵",원다예 ,,2015-04-27,410 쪽,9791156641803,4180,"22,000"
"IT CookBook, 엑셀과 파워포인트 2013 개정판",강동진 외 4 ,,2015-04-10,556 쪽,9791156641773,4177,"22,000"
"IT CookBook, 비주얼 베이직 2010 for Beginner",임관철 ,,2015-02-26,432 쪽,9791156641728,4172,"24,000"
"IT CookBook, C C++로 배우는 자료구조론",주우석 ,,2015-02-24,696 쪽,9791156641780,4178,"23,000"
"IT CookBook, 광통신 공학 : MATLAB과 함께하는 광통신 시스템",이종형 ,,2015-02-24,480 쪽,9791156641759,4175,"28,000"
"IT CookBook, 디지털 영상처리 입문 : 오감을 자극하는 3차원 입체 학습","신종홍 , 장선봉 , 지인호 ",,2015-02-16,600 쪽,9791156641766,4176,"25,000"
"IT CookBook, 엑셀 2013 : 기본 기능부터 실무 활용까지",하숙정 ,,2015-02-16,520 쪽,9791156641506,4150,"20,000"
정보보안 기사 & 산업기사 (필기),"윤대원 , 박인근 ",,2015-02-11,672 쪽,9791156641735,4173,"29,000"
"IT CookBook, 컴퓨터 활용과 실습 : 컴퓨터 기초, 한글 2014, 엑셀 2013, 파워포인트 2013",김주영 ,,2015-02-02,464 쪽,9791156641490,4149,"22,000"
"IT CookBook, 핵심이 보이는 신호 및 시스템 : 기본 이론부터 MATLAB 실습까지",이철희 ,,2015-01-09,628 쪽,9791156641469,4146,"28,000"
"IT CookBook, 실전에 강한 PLC : 기본 이론부터 실습까지",정완보 ,,2015-01-01,384 쪽,9791156641452,4145,"20,000"
"IT CookBook, 원리로 이해하는 통신이론 : Analog & Digital Communications",한동석 ,,2015-01-01,352 쪽,9791156641445,4144,"24,000"
공학 핵심수학 : Core Mathematics for Engineering,함남우 ,,2015-01-01,372 쪽,9791156641438,4143,"20,000"
"IT CookBook, 파워포인트 2013 : 기본 기능부터 프레젠테이션 스킬까지 한번에!","채종서 , 차유빈 ",,2014-12-17,496 쪽,9791156641377,4137,"20,000"
"IT CookBook, Compact C 프로그래밍",김충석 ,,2014-12-15,536 쪽,9791156641483,4148,"24,000"
"IT CookBook, 스마트 시대의 멀티미디어 : 멀티미디어 기본 이론부터 최신 기술 동향까지","김용태 , 박길철 ",,2014-12-15,600 쪽,9791156641476,4147,"28,000"
"IT CookBook, 한글 2014 for Beginner",양숙희 ,,2014-12-04,152 쪽,9791156641414,4141,"10,000"
"IT CookBook, 엑셀 2013 for Beginner",양숙희 ,,2014-11-28,152 쪽,9791156641407,4140,"10,000"
"IT CookBook, New 데이터통신과 네트워킹 : 차세대 통신을 위한 밑그림",강문식 ,,2014-11-27,520 쪽,9791156641421,4142,"26,000"
"IT CookBook, 워드 2013 for Beginner",최희식 ,,2014-10-28,160 쪽,9791156641384,4138,"10,000"
"IT CookBook, 파워포인트 2013 for Beginner",최희식 ,,2014-10-28,176 쪽,9791156641285,4128,"10,000"
이자론 중심으로 배우는 금융수학 : 보험계리사 시험 대비,이재원 ,,2014-10-10,400 쪽,9791156641315,4131,"26,000"
"IT CookBook, 쉽게 배우는 유전 알고리즘 : 진화적 접근법",문병로 ,,2014-09-02,284 쪽,9791156641353,4135,"23,000"
"IT CookBook, 컴퓨터 아키텍처 : 컴퓨터 구조 및 동작 원리",우종정 ,,2014-08-11,572 쪽,9791156641322,4132,"26,000"
"IT CookBook, 초보자의 첫 번째 한글 2010",양숙희 ,,2014-08-01,152 쪽,9791156641124,4112,"10,000"
"IT CookBook, C 언어로 배우는 8051 마이크로프로세서",임석구 ,,2014-07-28,596 쪽,9791156641278,4127,"25,000"
"IT CookBook, 회로이론 : Circuits","Fawwaz T. Ulaby , Michel M. Maharbiz ","박병국 , 조성재 , 강인만 , 김중빈 ",2014-07-22,708 쪽,9791156641193,4119,"34,000"
"IT CookBook, 실무로 완성하는 최신 안테나 공학 : 이론에서 실무까지","Yi Huang , Kevin Boyle ",유태훈 ,2014-07-14,480 쪽,9791156641155,4115,"25,000"
"Introduction To Algorithms, Third Edition","토머스 코멘 , 찰스 레이서손 , 로날드 리베스트 , 클리포드 스타인 ","문병로 , 심규석 , 이충세 ",2014-07-10,1348 쪽,9791156641131,4113,"47,000"
이공계생을 위한 확률과 통계 : Forward-Looking Probability and Statistics,안승철 ,,2014-07-10,408 쪽,9791156641223,4122,"23,000"
공학 기초수학 : Basic Mathematics for Engineering,함남우 ,,2014-07-07,412 쪽,9791156641179,4117,"18,000"
"IT CookBook, 컴퓨터 비전",오일석 ,,2014-07-01,600 쪽,9791156641216,4121,"35,000"
실전으로 배우는 발명·특허,윤상원 ,,2014-06-30,300 쪽,9791156641162,4116,"22,000"
설계 프로세스로 배우는 창의적 공학설계,노승환 ,,2014-06-27,336 쪽,9791156641094,4109,"20,000"
"IT CookBook, 빅데이터 컴퓨팅 기술","박두순 , 문양세 , 박영호 , 윤찬현 , 정영식 , 장형석 ",,2014-06-24,344 쪽,9791156641148,4114,"22,000"
"IT CookBook, 단계별로 배우는 전자회로 실험 : 기본 소자부터 응용 회로까지",이강윤 ,,2014-06-05,456 쪽,9791156641117,4111,"22,000"
"IT CookBook, CMOS 디지털 집적회로 설계 : 기본 이론부터 실습까지",신경욱 ,,2014-05-30,464 쪽,9791156641100,4110,"26,000"
"IT CookBook, 익스플로링 아두이노",JEREMY BLUM ,김찬웅 ,2014-05-26,404 쪽,9791156641070,4107,"27,000"
"IT CookBook, RF 및 초고주파 공학",카이 창(Kai Chang) ,홍익표 ,2014-03-12,392 쪽,9791156641063,4106,"24,000"
"IT CookBook, 인터넷 이해와 활용 : 인터넷 기초부터 홈페이지 제작까지(개정2판)","안치현 , 김형철 ",,2014-03-12,460 쪽,9791156641056,4105,"22,000"
"IT CookBook, 엑셀 2010 실무와 활용",전미진 ,,2014-02-24,428 쪽,9788998756802,4080,"19,000"
"IT CookBook, 엑셀과 파워포인트 2010 실무와 활용","전미진 , 고경희 ",,2014-02-24,648 쪽,9788998756789,4078,"21,000"
"IT CookBook, 파워포인트 2010 실무와 활용",고경희 ,,2014-02-24,448 쪽,9788998756949,4094,"19,000"
"IT CookBook, ASP.NET 4.0 프로그래밍",김동아 ,,2014-02-19,684 쪽,9791156641025,4102,"28,000"
"IT CookBook, 초보자의 첫 번째 워드 2010",최희식 ,,2014-02-19,160 쪽,9788998756987,4098,"10,000"
"IT CookBook, 파워포인트 2007 실무와 활용",고경희 ,,2014-02-17,420 쪽,9788998756901,4090,"18,000"
"IT CookBook, New 인터넷 이해와 활용",김경신 ,,2014-01-09,464 쪽,9788998756703,4070,"25,000"
"IT CookBook, 프로젝트로 배우는 자바 웹 프로그래밍",황희정 ,,2014-01-09,692 쪽,9788998756680,4068,"26,000"
"IT CookBook, 디지털 논리회로 실험 : 120개의 기본 실험과 12개의 텀 프로젝트","임석구 , 홍경호 ",,2014-01-08,440 쪽,9788998756758,4075,"23,000"
"IT CookBook, 윈도우 프로그래밍 : Visual C++ 2010 MFC Programming","김선우 , 신화선 ",,2014-01-08,808 쪽,9788998756697,4069,"28,000"
"IT CookBook, 실감나게 배우는 제어공학","한수희 , 이영삼 , 권보규 , 권오규 , 권욱현 ",,2014-01-02,620 쪽,9788998756710,4071,"28,000"
"IT CookBook, 디지털 실험 : with PSpice",홍순관 ,,2013-12-31,292 쪽,9788998756772,4077,"16,000"
"IT CookBook, 디지털 공학 : 논리회로의 설계 원리","김대정 , 모현선 ",,2013-12-02,596 쪽,9788998756765,4076,"28,000"
기초 선형대수학 : BASIC LINEAR ALGEBRA,"이광연 , 설한국 , 김진수 ",,2013-11-02,456 쪽,9788998756642,4064,"25,000"
대학수학 Plus : University Mathematics,이재원 ,,2013-10-14,528 쪽,9788998756635,4063,"26,000"
"IT CookBook, 웹 기획 기초와 설계(개정판) : 웹 사이트, 인터페이스, 디자인",강은정 ,,2013-09-15,432 쪽,9788998756604,4060,"23,000"
"IT CookBook, 단계별로 따라하며 배우는 디지털 공학 실험","이승호 , 민경옥 ",,2013-08-21,372 쪽,9788998756499,4049,"22,000"
"IT CookBook, 데이터베이스 기초와 실습 : 액세스 2010",김지연 ,,2013-08-21,536 쪽,9788998756369,4036,"24,000"
"IT CookBook, 컴퓨터 구조와 원리 2.0 : 비주얼 컴퓨터 아키텍처",신종홍 ,,2013-08-21,640 쪽,9788998756314,4031,"25,000"
기초 확률과 통계 : BASIC PROBABILITY & STATISTICS,박대수 ,,2013-08-21,384 쪽,9788998756543,4054,"18,000"
"IT CookBook, 전자기학 : ELECTROMAGNETICS","Arlon T. Adams , Jay Kyoon Lee(이재균) ","유태훈 , 허노정 ",2013-08-19,640 쪽,9788998756284,4028,"30,000"
"IT CookBook, OpenGL로 배우는 3차원 컴퓨터 그래픽스",주우석 ,,2013-08-18,908 쪽,9788998756505,4050,"38,000"
"IT CookBook, 인공지능 개론",마이클 네그네빗스키 ,김용혁 ,2013-08-13,484 쪽,9788998756451,4045,"25,000"
"IT CookBook, 현대 반도체 소자 공학 : Modern Semiconductor Devices for Integrated Circuits",첸밍 후(Chenming Calvin Hu) ,"권기영 , 신형철 , 이종호 ",2013-08-13,456 쪽,9788998756390,4039,"25,000"
"IT CookBook, 디지털 신호 처리 : 기본 이론부터 MATLAB 실습까지",이철희 ,,2013-07-31,640 쪽,9788998756307,4030,"28,000"
"IT CookBook, enjoy design 포토샵 CS6",이영주 ,,2013-07-28,522 쪽,9788998756352,4035,"25,000"
"IT CookBook, TCP/IP 윈도우 소켓 프로그래밍",김선우 ,,2013-07-28,604 쪽,9788998756444,4044,"25,000"
"IT CookBook, 초보자의 첫 번째 파워포인트 2010",최희식 ,,2013-07-28,176 쪽,9788998756536,4053,"10,000"
"IT CookBook, 전자회로 : 핵심 개념부터 응용까지","강문식 , 신경욱 ",,2013-07-25,860 쪽,9788998756482,4048,"32,000"
"IT CookBook, 데이터베이스 관리와 실습(개정판) : MS SQL Server 2008",손광수 ,,2013-07-02,584 쪽,9788998756468,4046,"25,000"
"IT CookBook, 마이크로컨트롤러 AVR ATmega128 : 상태도를 이용한 시스템 설계",이상설 ,,2013-07-02,604 쪽,9788998756376,4037,"29,000"
"IT CookBook, 자바로 배우는 쉬운 자료구조",이지영 ,,2013-07-02,536 쪽,9788998756420,4042,"24,800"
"IT CookBook, 프로그래밍 언어론 : 쉽게 배우는 언어의 원리와 구조","김종훈 , 김종진 ",,2013-07-02,384 쪽,9788998756437,4043,"20,000"
"IT CookBook, SQL Server로 배우는 데이터베이스 개론과 실습","박우창 , 남송휘 ",,2013-07-01,576 쪽,9788998756246,4024,"27,000"
"IT CookBook, C++ 하이킹 : 객체지향과 만나는 여행","성윤정 , 김태은 ",,2013-06-19,676 쪽,9788998756215,4021,"25,000"
"IT CookBook, 반도체 공학 연습문제 풀이집",김동명 ,,2013-05-31,336 쪽,9788998756239,4023,"22,000"
"IT CookBook, C 프로그래밍","강동진, 하숙정, 임수연, 송무희, 박보석 ",,2013-03-20,652 쪽,9788998756161,4016,"24,000"
"IT CookBook, 컴퓨터 활용 : 윈도우 7, 한글 2010, 엑셀 2010, 파워포인트 2010","김주영 , 정영준 ",,2013-03-20,496 쪽,9788998756154,4015,"21,000"
"IT CookBook, 초보자의 첫 번째 엑셀 2010",양숙희 ,,2013-03-12,152 쪽,9788998756109,4010,"10,000"
"IT CookBook, 개념이 보이는 물리전자공학",이현용 ,,2013-02-28,416 쪽,9788998756031,4003,"24,000"
문제해결력을 키우는 이공계 글쓰기 : 발표와 토론까지,한성우 ,,2013-02-28,396 쪽,9788998756024,4002,"18,000"
"진로개발과 직업세계 : 대학생과 청년층을 위한 진로, 취업지침서","서일수 , 김도균 , 김지혜 , 이정배 ",,2013-02-28,392 쪽,9788998756048,4004,"20,000"
Essential Calculus,James Stewart ,,2012-07-08,960 쪽,9781133492566,7999,"36,000"
"IT CookBook, 디지털 통신 시스템 : Digital Communication Systems","정호영 , 임승각 ",,2011-01-31,576 쪽,9788979147988,1798,"25,000"
"IT CookBook, 운영체제론 : Operating Systems, 3rd Ed","하비 디텔 , 폴 디텔 , 데이빗 쇼픈스 ",송경희 ,2009-09-04,860 쪽,9788979146844,1684,"32,000"
